<?xml version="1.0" encoding="UTF-8"?>
<project-private xmlns="http://www.netbeans.org/ns/project-private/1">
    <editor-bookmarks xmlns="http://www.netbeans.org/ns/editor-bookmarks/2" lastBookmarkId="0"/>
    <open-files xmlns="http://www.netbeans.org/ns/projectui-open-files/2">
        <group>
            <file>file:/C:/Users/LuisCarlos/Documents/Universidad%20Nacional/2016-I/Programacion%20Orientada%20a%20Objetos/Proyectos/EjercicioF/src/ejerciciof/Vegetariana.java</file>
            <file>file:/C:/Users/LuisCarlos/Documents/Universidad%20Nacional/2016-I/Programacion%20Orientada%20a%20Objetos/Proyectos/EjercicioF/src/ejerciciof/Queso.java</file>
            <file>file:/C:/Users/LuisCarlos/Documents/Universidad%20Nacional/2016-I/Programacion%20Orientada%20a%20Objetos/Proyectos/EjercicioF/src/ejerciciof/Peperoni.java</file>
            <file>file:/C:/Users/LuisCarlos/Documents/Universidad%20Nacional/2016-I/Programacion%20Orientada%20a%20Objetos/Proyectos/EjercicioF/src/ejerciciof/Pizza.java</file>
            <file>file:/C:/Users/LuisCarlos/Documents/Universidad%20Nacional/2016-I/Programacion%20Orientada%20a%20Objetos/Proyectos/EjercicioF/src/ejerciciof/EjercicioF.java</file>
        </group>
    </open-files>
</project-private>
